{"cameraMode":{"drawMode":0,"name":"Shaded","section":"Shading Mode"},"sceneLighting":true,"audioPlay":false,"sceneViewState":{"m_AlwaysRefresh":false,"showFog":true,"showSkybox":true,"showFlares":true,"showImageEffects":true,"showParticleSystems":true,"showVisualEffectGraphs":true,"m_FxEnabled":true},"in2DMode":false,"pivot":{"x":-1.750863790512085,"y":-2.0748229026794435,"z":-3.5904502868652345},"rotation":{"x":-0.5092520713806152,"y":0.003098202869296074,"z":-0.0018294138135388494,"w":-0.8606306314468384},"size":4.865489959716797,"orthographic":false}