{"cameraMode":{"drawMode":0,"name":"Shaded","section":"Shading Mode"},"sceneLighting":false,"audioPlay":false,"sceneViewState":{"m_AlwaysRefresh":false,"showFog":true,"showSkybox":false,"showFlares":true,"showImageEffects":true,"showParticleSystems":true,"showVisualEffectGraphs":true,"m_FxEnabled":true},"in2DMode":false,"pivot":{"x":0.15099655091762544,"y":1.97300386428833,"z":0.03403353691101074},"rotation":{"x":-0.3136214315891266,"y":-0.0663038045167923,"z":0.021961599588394166,"w":-0.9469914436340332},"size":1.1056671142578126,"orthographic":false}